<keymap version="1" name="my xcode like" parent="Mac OS X 10.5+">
  <action id="ManageRecentProjects">
    <keyboard-shortcut first-keystroke="shift ctrl o" />
  </action>
  <action id="PlaybackLastMacro">
    <keyboard-shortcut first-keystroke="shift ctrl l" />
  </action>
  <action id="SelectIn">
    <keyboard-shortcut first-keystroke="shift meta j" />
  </action>
  <action id="SplitHorizontally">
    <keyboard-shortcut first-keystroke="shift ctrl h" />
  </action>
  <action id="SplitVertically">
    <keyboard-shortcut first-keystroke="shift ctrl v" />
  </action>
  <action id="StartStopMacroRecording">
    <keyboard-shortcut first-keystroke="shift ctrl m" />
  </action>
</keymap>